id;version;lst_id;entry_id;lang_id;name;description;maintainable;is_default;line
4569;0;1100;96;de;Biosphärenres. Mittlere Elbe;NULL;1;N;0
4570;0;1100;97;de;Feuchtgeb. Niederung untere Havel;NULL;1;N;0
4571;0;1100;98;de;Feuchtgeb. Helmestausee Berga-Kelbra;NULL;1;N;0
4572;0;1100;99;de;Feuchtgeb. Aland-Elbe-Niederung;NULL;1;N;0
4573;0;1100;100;de;Feuchtgeb. Elbaue Jerichow;NULL;1;N;0
4574;0;1100;101;de;Nationalpark Harz;NULL;1;N;0
4575;0;1100;102;de;Naturpark Drömling;NULL;1;N;0
4576;0;1100;103;de;Naturpark Saale-Unstrut-Triasland;NULL;1;N;0
4577;0;1100;104;de;Naturpark Dübener Heide (LSA);NULL;1;N;0
4578;0;1100;105;de;Naturpark Harz (LSA);NULL;1;N;0
4579;0;1100;106;de;NSG Tagebau Lochau (gesichert);NULL;1;N;0
4580;0;1100;107;de;NSG Untere Schwarze Elster;NULL;1;N;0
4581;0;1100;108;de;NSG RIß;NULL;1;N;0
4582;0;1100;109;de;NSG Garbe-Alandniederung;NULL;1;N;0
4583;0;1100;110;de;NSG Strempel;NULL;1;N;0
4584;0;1100;111;de;NSG Jederitzer Holz;NULL;1;N;0
4585;0;1100;112;de;NSG Schollener See;NULL;1;N;0
4586;0;1100;113;de;NSG Jävenitzer Moor;NULL;1;N;0
4587;0;1100;114;de;NSG Fenn;NULL;1;N;0
4588;0;1100;115;de;NSG Arneburger Hang;NULL;1;N;0
4589;0;1100;116;de;NSG Schelldorfer See;NULL;1;N;0
4590;0;1100;117;de;NSG Rehm;NULL;1;N;0
4591;0;1100;118;de;NSG Bartensleber Forst;NULL;1;N;0
4592;0;1100;119;de;NSG Wellenberge-Rüsterberg;NULL;1;N;0
4593;0;1100;120;de;NSG Colbitzer Lindenwald;NULL;1;N;0
4594;0;1100;121;de;NSG Rogätzer Hang - Ohremündung;NULL;1;N;0
4595;0;1100;122;de;NSG Kreuzhorst;NULL;1;N;0
4596;0;1100;123;de;NSG Weinberg bei Hohenwarte;NULL;1;N;0
4597;0;1100;124;de;NSG Magdeburgerforth;NULL;1;N;0
4598;0;1100;125;de;NSG Elendstal;NULL;1;N;0
4599;0;1100;126;de;NSG Bockberg;NULL;1;N;0
4600;0;1100;127;de;NSG Bodetal;NULL;1;N;0
4601;0;1100;128;de;NSG Radeweg;NULL;1;N;0
4602;0;1100;129;de;NSG Tännichen;NULL;1;N;0
4603;0;1100;130;de;NSG Hasselniederung;NULL;1;N;0
4604;0;1100;131;de;NSG Albrechtshaus;NULL;1;N;0
4605;0;1100;132;de;NSG Osteroder Holz;NULL;1;N;0
4606;0;1100;133;de;NSG Kleiner Fallstein;NULL;1;N;0
4607;0;1100;134;de;NSG Großer Fallstein;NULL;1;N;0
4608;0;1100;135;de;NSG Waldhaus;NULL;1;N;0
4609;0;1100;136;de;NSG Herrenberg / Vorberg (Huy);NULL;1;N;0
4610;0;1100;137;de;NSG Hoppelberg;NULL;1;N;0
4611;0;1100;138;de;NSG Waldfrieden / Voglherd (hohen Holz);NULL;1;N;0
4612;0;1100;139;de;NSG Seeburg;NULL;1;N;0
4613;0;1100;140;de;NSG Salzstelle bei Hecklingen;NULL;1;N;0
4614;0;1100;141;de;NSG Steckby-Lödderitzer Forst;NULL;1;N;0
4615;0;1100;142;de;NSG Nedlitzer Niederung;NULL;1;N;0
4616;0;1100;143;de;NSG Rahmbruch;NULL;1;N;0
4617;0;1100;144;de;NSG Schleesen;NULL;1;N;0
4618;0;1100;145;de;NSG Platzbruch;NULL;1;N;0
4619;0;1100;146;de;NSG Jütrichauer Busch;NULL;1;N;0
4620;0;1100;147;de;NSG Beetzendorfer Buchenwald;NULL;1;N;0
4621;0;1100;148;de;NSG Tangelnscher Bach;NULL;1;N;0
4622;0;1100;149;de;NSG Mahlpfuhler Fenn;NULL;1;N;0
4623;0;1100;150;de;NSG Alte Elbe (Kanneberg-Berge);NULL;1;N;0
4624;0;1100;151;de;NSG Kalbescher Werder (Vienau);NULL;1;N;0
4625;0;1100;152;de;NSG Jemmeritzer Moor;NULL;1;N;0
4626;0;1100;153;de;NSG Jeggauer Moor;NULL;1;N;0
4627;0;1100;154;de;NSG Ferchauer Forst;NULL;1;N;0
4628;0;1100;155;de;NSG Ziegenberg (Heimburg);NULL;1;N;0
4629;0;1100;156;de;NSG Großes Bruch (Wulferstedt);NULL;1;N;0
4630;0;1100;157;de;NSG Breiteroder-Oebisfelder Drömling;NULL;1;N;0
4631;0;1100;158;de;NSG Elbaue Beuster-Wahrenberg;NULL;1;N;0
4632;0;1100;159;de;NSG Osterwesten;NULL;1;N;0
4633;0;1100;160;de;NSG Böckwitz-Jahrstedter Drömling;NULL;1;N;0
4634;0;1100;161;de;NSG Dornbuscher Mosaik;NULL;1;N;0
4635;0;1100;162;de;NSG Nördlicher Drömling;NULL;1;N;0
4636;0;1100;163;de;NSG Südlicher Drömling;NULL;1;N;0
4637;0;1100;164;de;NSG Bekassinenwiese;NULL;1;N;0
4638;0;1100;165;de;NSG Stauberg;NULL;1;N;0
4639;0;1100;166;de;NSG Bürgerholz (Rosian);NULL;1;N;0
4640;0;1100;167;de;NSG Harsleber Berge / Steinholz;NULL;1;N;0
4641;0;1100;168;de;NSG Hammelwiese;NULL;1;N;0
4642;0;1100;169;de;NSG Teufelsmauer;NULL;1;N;0
4643;0;1100;170;de;NSG Münchenberg;NULL;1;N;0
4644;0;1100;171;de;NSG Anhaltinischer Saalstein;NULL;1;N;0
4645;0;1100;172;de;NSG Spaltenmoor;NULL;1;N;0
4646;0;1100;173;de;NSG Alte Burg;NULL;1;N;0
4647;0;1100;174;de;NSG Burgesroth-Bruchholz;NULL;1;N;0
4648;0;1100;175;de;NSG Schierstedter Busch;NULL;1;N;0
4649;0;1100;176;de;NSG Selketal;NULL;1;N;0
4650;0;1100;177;de;NSG Pfaffenbusch;NULL;1;N;0
4651;0;1100;178;de;NSG Große Nachthut;NULL;1;N;0
4652;0;1100;179;de;NSG Steinberg;NULL;1;N;0
4653;0;1100;180;de;NSG Saurasen;NULL;1;N;0
4654;0;1100;181;de;NSG Klippmühle;NULL;1;N;0
4655;0;1100;182;de;NSG Ziegenberg;NULL;1;N;0
4656;0;1100;183;de;NSG Strubenberg;NULL;1;N;0
4657;0;1100;184;de;NSG Sprohne;NULL;1;N;0
4658;0;1100;185;de;NSG Auwald (Plötzkau);NULL;1;N;0
4659;0;1100;186;de;NSG Gerlebogker Teiche;NULL;1;N;0
4660;0;1100;187;de;NSG Nelbener Grund / Georgsburg;NULL;1;N;0
4661;0;1100;188;de;NSG Teufelsgrund / Saalehänge;NULL;1;N;0
4662;0;1100;189;de;NSG Zickeritzer Busch;NULL;1;N;0
4663;0;1100;190;de;NSG Diebziger Busch;NULL;1;N;0
4664;0;1100;191;de;NSG Neolith-Teich;NULL;1;N;0
4665;0;1100;192;de;NSG Cösitzer Teich;NULL;1;N;0
4666;0;1100;193;de;NSG Saalbergbau;NULL;1;N;0
4667;0;1100;194;de;NSG Rößling;NULL;1;N;0
4668;0;1100;195;de;NSG Brambach;NULL;1;N;0
4669;0;1100;196;de;NSG Rathsbruch;NULL;1;N;0
4670;0;1100;197;de;NSG Buchholz;NULL;1;N;0
4671;0;1100;198;de;NSG Saarenbruch-Matzwerder;NULL;1;N;0
4672;0;1100;199;de;NSG Krägen-Riss;NULL;1;N;0
4673;0;1100;200;de;NSG Schönitzer See;NULL;1;N;0
4674;0;1100;201;de;NSG Mark Naundorf;NULL;1;N;0
4675;0;1100;202;de;NSG Thielenhaide;NULL;1;N;0
4676;0;1100;203;de;NSG Crassensee;NULL;1;N;0
4677;0;1100;204;de;NSG Großer Streng;NULL;1;N;0
4678;0;1100;205;de;NSG Alte Elbe (Bösewig);NULL;1;N;0
4679;0;1100;206;de;NSG Pferdekopf;NULL;1;N;0
4680;0;1100;207;de;NSG Borntal;NULL;1;N;0
4681;0;1100;208;de;NSG Eislebener Stiftsholz;NULL;1;N;0
4682;0;1100;209;de;NSG Hasenwinkel;NULL;1;N;0
4683;0;1100;210;de;NSG Lämmerberg / Vockenwinkel;NULL;1;N;0
4684;0;1100;211;de;NSG Galgenberg / Fuchshöhen;NULL;1;N;0
4685;0;1100;212;de;NSG Salzwiesen (Aseleben);NULL;1;N;0
4686;0;1100;213;de;NSG Saalehänge bei Dobis;NULL;1;N;0
4687;0;1100;214;de;NSG Bergholz;NULL;1;N;0
4688;0;1100;215;de;NSG Lindbusch;NULL;1;N;0
4689;0;1100;216;de;NSG Bischofswiese;NULL;1;N;0
4690;0;1100;217;de;NSG Möster Birken;NULL;1;N;0
4691;0;1100;218;de;NSG Untere Mulde;NULL;1;N;0
4692;0;1100;219;de;NSG Sandberg;NULL;1;N;0
4693;0;1100;220;de;NSG Schomer Busch, Spielberger Höhe, Elsloch;NULL;1;N;0
4694;0;1100;221;de;NSG Steinklöbe;NULL;1;N;0
4695;0;1100;222;de;NSG Müchelholz;NULL;1;N;0
4696;0;1100;223;de;NSG Neue Göhle;NULL;1;N;0
4697;0;1100;224;de;NSG Forst Bibra;NULL;1;N;0
4698;0;1100;225;de;NSG Tote Täler;NULL;1;N;0
4699;0;1100;226;de;NSG Lausiger Teiche / Ausreißer Teich;NULL;1;N;0
4700;0;1100;227;de;NSG Jösigk;NULL;1;N;0
4701;0;1100;228;de;NSG Wulfener Bruchwiesen;NULL;1;N;0
4702;0;1100;229;de;NSG Vogtei;NULL;1;N;0
4703;0;1100;230;de;NSG Grubengelände Nordfeld Jaucha;NULL;1;N;0
4704;0;1100;231;de;NSG Alter Stollberg (LSA) / Grasburger Wiesen;NULL;1;N;0
4705;0;1100;232;de;NSG Göttersitz;NULL;1;N;0
4706;0;1100;233;de;NSG Großer Ronneberg-Bielstein;NULL;1;N;0
4707;0;1100;234;de;NSG Nordspitze Peißmitz;NULL;1;N;0
4708;0;1100;235;de;NSG Lunzberge;NULL;1;N;0
4709;0;1100;236;de;NSG Trockenrasenflächen bei Karsdorf;NULL;1;N;0
4710;0;1100;237;de;NSG Kukenburger Hagen;NULL;1;N;0
4711;0;1100;238;de;NSG Porphyrlandschaft Grimritz;NULL;1;N;0
4712;0;1100;239;de;NSG Friedrichshohenberg;NULL;1;N;0
4713;0;1100;240;de;NSG Clusberg;NULL;1;N;0
4714;0;1100;241;de;NSG Ringelsdorf;NULL;1;N;0
4715;0;1100;242;de;NSG Hakel;NULL;1;N;0
4716;0;1100;243;de;NSG Ringelsdorf;NULL;1;N;0
4717;0;1100;244;de;NSG Hakel;NULL;1;N;0
4718;0;1100;245;de;NSG Salziger See;NULL;1;N;0
4719;0;1100;246;de;NSG Wilslebener See;NULL;1;N;0
4720;0;1100;247;de;NSG Salzszellen Sülldorf;NULL;1;N;0
4721;0;1100;248;de;NSG Benitz;NULL;1;N;0
4722;0;1100;249;de;NSG Heidberg;NULL;1;N;0
4723;0;1100;250;de;NSG Klüdener Pax-Wanneweh;NULL;1;N;0
4724;0;1100;251;de;NSG Brandberge;NULL;1;N;0
4725;0;1100;252;de;NSG Bürgerholz Burg;NULL;1;N;0
4726;0;1100;253;de;NSG Gegensteine-Schierberg;NULL;1;N;0
4727;0;1100;254;de;NSG Bachtäler des Lappwaldes;NULL;1;N;0
4728;0;1100;255;de;NSG Kramershai;NULL;1;N;0
4729;0;1100;256;de;NSG Gipskarstlandschaft Heimkehle;NULL;1;N;0
4730;0;1100;257;de;NSG Schießberg;NULL;1;N;0
4731;0;1100;258;de;NSG Taubequellen;NULL;1;N;0
4732;0;1100;259;de;NSG Schlauch Burg Kemnitz;NULL;1;N;0
4733;0;1100;260;de;NSG Gipskarstlandschaft Pölsfeld;NULL;1;N;0
4734;0;1100;261;de;NSG Rabeninsel und Saaleaue Böllberg;NULL;1;N;0
4735;0;1100;262;de;NSG Gipskarstlandschaft Questenberg;NULL;1;N;0
4736;0;1100;263;de;NSG Fiener Bruch;NULL;1;N;0
4737;0;1100;264;de;NSG Tiefkippe Schlaitz;NULL;1;N;0
4738;0;1100;265;de;NSG Okertal;NULL;1;N;0
4739;0;1100;266;de;NSG Stachelroder Tal und Lohtal;NULL;1;N;0
4740;0;1100;267;de;NSG Saale-Elster-Aue bei Halle;NULL;1;N;0
4741;0;1100;268;de;NSG Pfaffenheide-Wörpener Bach;NULL;1;N;0
4742;0;1100;269;de;NSG Alte Elster / Rohrbornwiesen;NULL;1;N;0
4743;0;1100;270;de;NSG Kirschberg und Handkante;NULL;1;N;0
4744;0;1100;271;de;NSG Blonsberg;NULL;1;N;0
4745;0;1100;272;de;NSG Oberes Selketal;NULL;1;N;0
4746;0;1100;273;de;NSG Hopptal;NULL;1;N;0
4747;0;1100;274;de;NSG Weinfeld;NULL;1;N;0
4748;0;1100;275;de;NSG Harzer Bachtäler;NULL;1;N;0
4749;0;1100;276;de;NSG Asendorfer Kippe;NULL;1;N;0
4750;0;1100;277;de;NSG Pfingstanger Wörmlitz;NULL;1;N;0
4751;0;1100;278;de;NSG Mittlere Oranienbumer Heide;NULL;1;N;0
4752;0;1100;279;de;NSG Forstwerder;NULL;1;N;0
4753;0;1100;280;de;NSG Steinköpfe;NULL;1;N;0
4754;0;1100;281;de;NSG Steinhorste;NULL;1;N;0
4755;0;1100;282;de;NSG Steinköpfe;NULL;1;N;0
4756;0;1100;283;de;NSG Schwarze Elster-Kuhlache;NULL;1;N;0
4757;0;1100;284;de;NSG Taufwiesenberge;NULL;1;N;0
4758;0;1100;285;de;NSG Aderstädter Busch;NULL;1;N;0
4759;0;1100;286;de;NSG Schieferberg;NULL;1;N;0
4760;0;1100;287;de;NSG Elsholzwiesen;NULL;1;N;0
4761;0;1100;288;de;NSG Eichenberg;NULL;1;N;0
4762;0;1100;289;de;NSG Ohreaue;NULL;1;N;0
4763;0;1100;290;de;NSG Mittlere Glücksburger Heide;NULL;1;N;0
4764;0;1100;291;de;NSG Luppeaue bei Hormburg / Zeimen;NULL;1;N;0
4765;0;1100;292;de;NSG Saale-Ilm-Platten (Bad Kösen);NULL;1;N;0
4766;0;1100;293;de;NSG Saaledurchbruch (Rothenburg);NULL;1;N;0
4767;0;1100;294;de;NSG Hirschrodaer Graben;NULL;1;N;0
4768;0;1100;295;de;NSG Heidedeiche (Osterfeld);NULL;1;N;0
4769;0;1100;296;de;NSG Untere Geiselniederung (Merseburg);NULL;1;N;0
4770;0;1100;297;de;NSG Porphyrlandschaft (Brachwitz);NULL;1;N;0
4771;0;1100;298;de;NSG Muschelkalkhänge der Nietleben-Bennstedter Mulde;NULL;1;N;0
4772;0;1100;299;de;NSG Halbberge (Mertendorf);NULL;1;N;0
4773;0;1100;300;de;NSG Saaleaue (Gosek);NULL;1;N;0
4774;0;1100;301;de;NSG Hackpfüffler See;NULL;1;N;0
4775;0;1100;302;de;NSG Wedelstein;NULL;1;N;0
4776;0;1100;303;de;NSG Friedentaler Grund;NULL;1;N;0
4777;0;1100;304;de;NSG Elsteraue (Ermlitz);NULL;1;N;0
4778;0;1100;305;de;NSG Helme (Martinsrieth);NULL;1;N;0
4779;0;1100;306;de;NSG Abtei und Saaleaue (Planena);NULL;1;N;0
4780;0;1100;307;de;NSG Salztal (Langebogen-Köllme);NULL;1;N;0
4781;0;1100;308;de;NSG Othaler Wald;NULL;1;N;0
4782;0;1100;309;de;LSG Armsdorfer-Jessener-Schweinitzer Berge;NULL;1;N;0
4783;0;1100;310;de;LSG Elbtal Prettin;NULL;1;N;0
4784;0;1100;311;de;LSG Tiergarten Annaburg;NULL;1;N;0
4785;0;1100;312;de;LSG Arendsee;NULL;1;N;0
4786;0;1100;313;de;LSG Ostrand Arendseer Hochfläche;NULL;1;N;0
4787;0;1100;314;de;LSG Untere Havel;NULL;1;N;0
4788;0;1100;315;de;LSG Salzwedel-Diesdorf;NULL;1;N;0
4789;0;1100;316;de;LSG Zichtauer Berge / Klötzer Forst;NULL;1;N;0
4790;0;1100;317;de;LSG Arneburger Hang;NULL;1;N;0
4791;0;1100;318;de;LSG Uchte-Tangerquellen / Waldgebiete;NULL;1;N;0
4792;0;1100;319;de;LSG Gardelegen-Letzlinger Forst;NULL;1;N;0
4793;0;1100;320;de;LSG Harbke-Allertal;NULL;1;N;0
4794;0;1100;321;de;LSG Flechtinger Höhenzug;NULL;1;N;0
4795;0;1100;322;de;LSG Lindhorst-Ramstedter Forst;NULL;1;N;0
4796;0;1100;323;de;LSG Barleber-Jersleber See / Elbniederungen;NULL;1;N;0
4797;0;1100;324;de;LSG Barleber und Jersleber See / Ohreniederungen;NULL;1;N;0
4798;0;1100;325;de;LSG Umflutehle-Külzauer Forst;NULL;1;N;0
4799;0;1100;326;de;LSG Zuwachs-Külzauer Forst;NULL;1;N;0
4800;0;1100;327;de;LSG Möckern-Magdeburgerforth;NULL;1;N;0
4801;0;1100;328;de;LSG Hohes Holz, Saures Holz / östliches Vorland;NULL;1;N;0
4802;0;1100;329;de;LSG Bergen;NULL;1;N;0
4803;0;1100;330;de;LSG Fauler See;NULL;1;N;0
4804;0;1100;331;de;LSG Henneberg / Osterberg;NULL;1;N;0
4805;0;1100;332;de;LSG Mittel Elbe;NULL;1;N;0
4806;0;1100;333;de;LSG Mittlere Elbe;NULL;1;N;0
4807;0;1100;334;de;LSG Fläming;NULL;1;N;0
4808;0;1100;335;de;LSG Bodenniederung;NULL;1;N;0
4809;0;1100;336;de;LSG Bodenniederung / angrenzende Hochflächen;NULL;1;N;0
4810;0;1100;337;de;LSG Bode-Selke-Aue / angrenzende Hochterasse;NULL;1;N;0
4811;0;1100;338;de;LSG Bode;NULL;1;N;0
4812;0;1100;339;de;LSG Huy;NULL;1;N;0
4813;0;1100;340;de;LSG Fallstein;NULL;1;N;0
4814;0;1100;341;de;LSG Aland-Elbe-Niederung;NULL;1;N;0
4815;0;1100;342;de;LSG Zerbster Land;NULL;1;N;0
4816;0;1100;343;de;LSG Drömling;NULL;1;N;0
4817;0;1100;344;de;LSG Harz;NULL;1;N;0
4818;0;1100;345;de;LSG Nördliches Harzvorland;NULL;1;N;0
4819;0;1100;346;de;LSG Hakel;NULL;1;N;0
4820;0;1100;347;de;LSG Saale;NULL;1;N;0
4821;0;1100;348;de;LSG Saaletal;NULL;1;N;0
4822;0;1100;349;de;LSG Dübener Heide;NULL;1;N;0
4823;0;1100;350;de;LSG Petersberg;NULL;1;N;0
4824;0;1100;351;de;LSG Dölauer Heide;NULL;1;N;0
4825;0;1100;352;de;LSG Süßer und Salziger See;NULL;1;N;0
4826;0;1100;353;de;LSG Kyffhäuser;NULL;1;N;0
4827;0;1100;354;de;LSG Unstrut-Triasland;NULL;1;N;0
4828;0;1100;355;de;LSG Elsteraue;NULL;1;N;0
4829;0;1100;356;de;LSG Aga-Elster-Tal / Zeitzer Forst;NULL;1;N;0
4830;0;1100;357;de;LSG Elster-Luppe-Aue;NULL;1;N;0
4831;0;1100;358;de;LSG Kuhndorftal;NULL;1;N;0
4832;0;1100;359;de;LSG Leinewehtal;NULL;1;N;0
4833;0;1100;360;de;LSG Kiesgruben Wallendorf/Schladebach;NULL;1;N;0
4834;0;1100;361;de;LSG Fuhenaue;NULL;1;N;0
4835;0;1100;362;de;LSG Laweketal;NULL;1;N;0
4836;0;1100;363;de;LSG Maibachtal;NULL;1;N;0
4837;0;1100;364;de;LSG Mosigkauer Heide;NULL;1;N;0
4838;0;1100;365;de;LSG Finne-Triasland;NULL;1;N;0
4839;0;1100;366;de;LSG Gröster Berge;NULL;1;N;0
4840;0;1100;367;de;LSG Horngrabenniederung;NULL;1;N;0
4841;0;1100;368;de;LSG Muldenaue Pouch-Schwemsal;NULL;1;N;0
4842;0;1100;369;de;LSG Wipperniederung;NULL;1;N;0
4843;0;1100;370;de;LSG Floßgraben;NULL;1;N;0
4844;0;1100;371;de;LSG Müchelner Kalktäler;NULL;1;N;0
4845;0;1100;372;de;LSG Großes Bruch / Auenniederungen;NULL;1;N;0
4846;0;1100;373;de;LSG Großes Bruch;NULL;1;N;0
4847;0;1100;374;de;LSG Helmestausee Berga-Kelbra;NULL;1;N;0
4848;0;1100;375;de;LSG Salzatal;NULL;1;N;0
4849;0;1100;376;de;LSG Lauchagrund;NULL;1;N;0
4850;0;1100;377;de;LSG Westfläming;NULL;1;N;0
4851;0;1100;378;de;LSG Porphyrkuppenlandschaft (Landsberg);NULL;1;N;0
4852;0;1100;379;de;LSG Spitzberg;NULL;1;N;0
4853;0;1100;380;de;LSG Wittenberger Vorfläming / Zahnabachtal;NULL;1;N;0
4854;0;1100;381;de;LSG Oranienbaumer Heide;NULL;1;N;0
4855;0;1100;382;de;LSG Weitzschkerbachtal;NULL;1;N;0
4856;0;1100;383;de;LSG Zerbster Nuthetäler;NULL;1;N;0
4857;0;1100;384;de;LSG Loburger Vorfläming;NULL;1;N;0
4858;0;1100;385;de;LSG Geiselaue;NULL;1;N;0
4859;0;1100;386;de;LSG Hohe Börde;NULL;1;N;0
4860;0;1100;387;de;LSG Elsnigk - Osternienburger Teiche;NULL;1;N;0
4861;0;1100;388;de;LSG Kleinhaldenareal im nörtl. Mansfelder Land;NULL;1;N;0
4862;0;1100;389;de;LSG Elbtal / Crassensee;NULL;1;N;0
4887;0;1350;1;de;Atomgesetz (AtG);NULL;1;N;0
4888;0;1350;2;de;Baugesetzbuch (BauGB);NULL;1;N;0
4889;0;1350;3;de;Bürgerliches Gesetzbuch (BGB);NULL;1;N;0
4890;0;1350;4;de;Bodenschutzgesetz (BodSchG);NULL;1;N;0
4891;0;1350;5;de;Bundesberggesetz (BBergG);NULL;1;N;0
4892;0;1350;8;de;Bundeswaldgesetz (BundeswaldG);NULL;1;N;0
4893;0;1350;9;de;Chemikaliengesetz (ChemG);NULL;1;N;0
4894;0;1350;10;de;Flurbereinigungsgesetz (FlurbG);NULL;1;N;0
4895;0;1350;14;de;Landesabfallgesetz (LAbfG) LSA;NULL;1;N;0
4896;0;1350;15;de;Landesabfallwirtschaftsgesetz (LAbfWG);NULL;1;N;0
4897;0;1350;16;de;Landschaftsgesetz (LG);NULL;1;N;0
4898;0;1350;17;de;Pflanzenschutzgesetz (PflSchG);NULL;1;N;0
4899;0;1350;18;de;Raumordnungsgesetz (ROG);NULL;1;N;0
4900;0;1350;19;de;Strahlenschutzvorsorgegesetz (StrVG);NULL;1;N;0
4901;0;1350;20;de;Tierschutzgesetz (TierSchG);NULL;1;N;0
4902;0;1350;21;de;Umwelthaftungsgesetz (UmweltHG);NULL;1;N;0
4903;0;1350;23;de;Verwaltungsverfahrensgesetz (VwVfG);NULL;1;N;0
4904;0;1350;24;de;Bundeswasserstraßengesetz (WaStrG);NULL;1;N;0
4905;0;1350;25;de;Wasserhaushaltsgesetz (WHG);NULL;1;N;0
4906;0;1350;26;de;Umweltstatistikgesetz (Fass. 21.06.1994);NULL;1;N;0
4907;0;1350;27;de;Umweltstatistikgesetz (Fass. 14.03.1980);NULL;1;N;0
4908;0;1350;29;de;Trinkwasserverordnung (TrinkwV);NULL;1;N;0
4909;0;1350;30;de;Technische Anleitung zur Verwertung, Behandlung und sonstigen Entsorgung von Siedlungsabfällen LSA (TA Siedlungsabfall);NULL;1;N;0
4910;0;1350;31;de;Technische Anleitung zur Verwertung, Behandlung und sonstigen Entsorgung von Abfällen LSA (TA Abfall);NULL;1;N;0
4911;0;1350;32;de;Strahlenschutzverordnung (StrlSchVO);NULL;1;N;0
4912;0;1350;33;de;Richtlinie Emisssinsschutz- und Immissionsschutz - Überwachung kerntechnischer Anlagen;NULL;1;N;0
4913;0;1350;34;de;RdErl. d. ML v. 16.1.1986, GültL 10/66;NULL;1;N;0
4914;0;1350;42;de;Landesraumordnungsprogramm (LROP);NULL;1;N;0
4915;0;1350;43;de;Sicherheitstechnische Regeln des Kerntechnischen Ausschuß (KTA 1508);NULL;1;N;0
4916;0;1350;45;de;Gesetz über eine Holzstatistik;NULL;1;N;0
4917;0;1350;46;de;Gesetz Statistik im Produzierenden Gewerbe;NULL;1;N;0
4918;0;1350;47;de;Gesetz über die Umweltverträglichkeitsprüfung (UVPG);NULL;1;N;0
4919;0;1350;49;de;BundesimmissionsschutzGesetz (BImSchG);NULL;1;N;0
4920;0;1350;51;de;Arbeitsschutzgesetz (ArbSchG);NULL;1;N;0
4921;0;1350;52;de;Anleitung zur Berechnung von Fluglärm (AzB);NULL;1;N;0
4922;0;1350;53;de;Agrarstatistikgesetz (AgrStatG);NULL;1;N;0
4923;0;1350;54;de;Abfallklärschlammverordnung (AbfKlärV);NULL;1;N;0
4924;0;1350;56;de;Abwasserabgabengesetz (AbwAG);NULL;1;N;0
4925;0;1350;57;de;Wasserhaushaltsgesetz (WHG) § 7a;NULL;1;N;0
4926;0;1350;61;de;23. Bundesimmissionsschutzverordnung;NULL;1;N;0
4927;0;1350;62;de;Abfallgesetz (AbfG);NULL;1;N;0
4928;0;1350;63;de;AdV-Plenumsbeschluß von 1994;NULL;1;N;0
4929;0;1350;68;de;BundesimmissionsschutzVerordnung (BimSchV);NULL;1;N;0
4930;0;1350;69;de;ZustVOGewA/R, AIIGO;NULL;1;N;0
4931;0;1350;70;de;Wasserhaushaltsgesetz (WHG) LSA;NULL;1;N;0
4932;0;1350;71;de;Wassergesetz (WG) LSA;NULL;1;N;0
4933;0;1350;72;de;Vw.vereinb.(veröff.MBl.LSA 67/93,S.2362);NULL;1;N;0
4934;0;1350;73;de;Verordnung über den Hochwassermeldedienst;NULL;1;N;0
4935;0;1350;74;de;VermKatG, DVO VermKatG LSA, VermKostVO LSA;NULL;1;N;0
4936;0;1350;75;de;VermKatG LSA, VermKostVO LSA;NULL;1;N;0
4937;0;1350;76;de;VermKatG LSA, DVO VermKatG LSA, VermKostVO LSA;NULL;1;N;0
4938;0;1350;77;de;Vermessungs- und Katastergesetz (VermKatG) LSA;NULL;1;N;0
4939;0;1350;79;de;Verordnung über Anlagen zum Umgang mit wassergefährdenden Stoffen LSA (VAwS);NULL;1;N;0
4940;0;1350;81;de;UntersuchungsgebietsVerordnung LSA;NULL;1;N;0
4941;0;1350;82;de;Umweltinformationsgesetz (UIG);NULL;1;N;0
4942;0;1350;84;de;Straßengesetz (StrG) LSA;NULL;1;N;0
4943;0;1350;85;de;Strahlenschutzvorsorgegesetz (StrVG) § 3;NULL;1;N;0
4944;0;1350;86;de;Schutzgebietskonzept;NULL;1;N;0
4945;0;1350;87;de;Runderlaß der MUN 28.06.1994;NULL;1;N;0
4946;0;1350;88;de;Richtl.z.Emiss/Immiss-überw.kerntech.Anl;NULL;1;N;0
4947;0;1350;89;de;RE,RZ,ZV,ZE-Was(Rd.Erl.MU)VVz §44 LHOLSA;NULL;1;N;0
4948;0;1350;90;de;RE d.MUN v.28.6.94 MBl.LSA 54/94, S.1913;NULL;1;N;0
4949;0;1350;91;de;Pflege- und Entwicklungspläne;NULL;1;N;0
4950;0;1350;101;de;Managementpläne;NULL;1;N;0
4951;0;1350;102;de;LHO v. 40.04.91 und deren VV-GR, VIS;NULL;1;N;0
4952;0;1350;105;de;Lagerstättengesetz (LagerstG) LSA;NULL;1;N;0
4953;0;1350;106;de;Krw-/AbfG, AbfG LSA, BlmschG;NULL;1;N;0
4954;0;1350;108;de;Kreislaufwirtschafts- und Abfallgesetz LSA (KrW-/AbfG);NULL;1;N;0
4955;0;1350;110;de;GO LSA, Krw-/AbfG, AbfG LSA, BlmschG;NULL;1;N;0
4956;0;1350;111;de;Gentechnikgesetz (GenTG);NULL;1;N;0
4957;0;1350;112;de;Gemeinsamer Runderlass MW und MU vom 06.09.1995;NULL;1;N;0
4958;0;1350;113;de;Emissionserklär.-vero., MB 31.8.92,37/92;NULL;1;N;0
4959;0;1350;114;de;ChemVerbotV u.Anhang zu §1 d.ChemVerbotV;NULL;1;N;0
4960;0;1350;115;de;Bundesnaturschutzgesetz (BNatSchG);NULL;1;N;0
4961;0;1350;116;de;Bundesbergbaugesetz und WGLSA;NULL;1;N;0
4962;0;1350;117;de;Bodenschutzverordnung (BodSchV);NULL;1;N;0
4963;0;1350;118;de;Bioabfallverordnung (BioAbfV);NULL;1;N;0
4964;0;1350;120;de;Bau- und Raumordnungsgesetz (BauROG) 1998;NULL;1;N;0
4965;0;1350;121;de;Atomgesetz/Strahlenschutzverordnung;NULL;1;N;0
4966;0;1350;122;de;Anweisung Straßeninformationsbank (ASB);NULL;1;N;0
4967;0;1350;123;de;Abfallverbringungsgesetz (AbfverbrG);NULL;1;N;0
4968;0;1350;124;de;Abfallgesetz (AbfG) LSA 10.03.98;NULL;1;N;0
4969;0;1350;125;de;Wassergesetz (WG) LSA § 5(4, 5 ) in Verbindung mit §§ 4, 6;NULL;1;N;0
4970;0;1350;126;de;Landeshaushaltsordnung (LHO) LSA § 44;NULL;1;N;0
4971;0;1350;128;de;Wassergesetz (WG) LSA §§ 48 - 53 ;NULL;1;N;0
4972;0;1350;129;de;Abfallgesetz (AbfG) LSA 10.03.98 §§ 27-29 ;NULL;1;N;0
4973;0;1350;130;de;Naturschutzgesetzes (NatSchG) LSA §§ 20,26&27;NULL;1;N;0
4974;0;1350;131;de;Wassergesetz (WG) LSA §§ 163 - 169;NULL;1;N;0
4975;0;1350;132;de;BundesimmissionsschutzGesetz (BImSchG) §§ 1 und 47;NULL;1;N;0
4976;0;1350;133;de;Bodenschutz-AusführungsGesetz (BodSchAG) LSA § 9;NULL;1;N;0
4977;0;1350;134;de;Wassergesetz (WG) LSA § 54;NULL;1;N;0
4978;0;1350;135;de;Wassergesetz (WG) LSA § 48;NULL;1;N;0
4979;0;1350;137;de;BundesimmissionsschutzGesetz (BImSchG) § 47a;NULL;1;N;0
4980;0;1350;138;de;BundesimmissionsschutzVerordnung (BImSchG) § 47;NULL;1;N;0
4981;0;1350;139;de;BundesimmissionsschutzGesetz (BImSchG) § 46;NULL;1;N;0
4982;0;1350;140;de;Abfallgesetz (AbfG) LSA 10.03.98 § 29 ;NULL;1;N;0
4983;0;1350;141;de;Abfallgesetz (AbfG) LSA 10.03.98 § 27 ;NULL;1;N;0
4984;0;1350;142;de;Chemikaliengesetz (ChemG) § 19 a ;NULL;1;N;0
4985;0;1350;143;de;Wassergesetz (WG) LSA § 183;NULL;1;N;0
4986;0;1350;144;de;Wassergesetz (WG) LSA § 186;NULL;1;N;0
4987;0;1350;145;de;Landesplanungsgesetz (LplG) LSA § 12;NULL;1;N;0
4988;0;1350;146;de;Naturschutzgesetz (NatSchG) LSA;NULL;1;N;0
4989;0;1350;151;de;Naturschutzgesetz LSA §§ 22, 26 & 27;NULL;1;N;0
4990;0;1350;154;de;Landesplanungsgesetz (LplG) LSA;NULL;1;N;0
4991;0;1350;155;de;Richtlinie zur Emissions- und Immissionsüberwachung (REI);NULL;1;N;0
4992;0;1350;156;de;Landeshaushaltsordnung (LHO) LSA vom 30.04.91 und deren VV-GR, VIS;NULL;1;N;0
4993;0;1350;157;de;Kreislaufwirtschafts- und Abfallgesetz LSA (KrW-/AbfG) §§ 40 ff.;NULL;1;N;0
4994;0;1350;158;de;Landeshaushaltsordnung (LHO) § 44;NULL;1;N;0
4995;0;1350;159;de;Umsetzung des Wasserhaushaltsgesetzes (WHG) im LSA;NULL;1;N;0
4996;0;1350;160;de;Kreislaufwirtschafts- und Abfallgesetz LSA (KrW-/AbfG);NULL;1;N;0
4997;0;1350;161;de;§120 Wassergesetz LSA;NULL;1;N;0
4998;0;1370;1;de;CDS;NULL;1;N;0
5013;0;3535;1;de;von Drachenfels 94;NULL;1;N;0
5014;0;3555;1;de;Ganzflächige Biotopkartierung 94;NULL;1;N;0
5015;0;3561;1;de;Nienburg (Weser);NULL;1;N;0
5016;0;3561;2;de;Damme (Dümmer);NULL;1;N;0
